class,count
Apple_Apple_scab,2520
Apple_Black_rot,2484
Apple_Cedar_apple_rust,2200
Apple_healthy,2510
Blueberry_healthy,1816
Cherry_Powdery_mildew,1683
Cherry_healthy,1826
Corn_Cercospora_leaf_spot Gray_leaf_spot,1642
Corn_Common_rust_,1907
Corn_Northern_Leaf_Blight,1908
Corn_healthy,1859
Cucumber ـBacterialـWilt,160
Cucumber_Gummy_Stem_Blight,160
Cucumber_Pythium_Fruit_Rot,169
CucumberـAnthracnose,160
CucumberـBelly Rot,160
CucumberـDownyـMildew,160
Cucumberـhealthy,160
Downy_mildew_on_lettuce,30
Grape_Black_rot,1888
Grape_Esca_(Black_Measles),1920
Grape___Leaf_blight_(Isariopsis_Leaf_Spot),1722
Grape_healthy,1692
Lemon_Anthracnose,251
Lemon_Black_Spot,88
Lemon_Citrus_Canker,33
Lemon_Citrus_Leaf_Miner,89
Lemon_Curl_Leaf,79
Lemon_Dry_leaf,97
Lemon_Greening,438
Lemon_Healthy,221
Lemon_Melanose,126
Lettuce_Bacterial,20
LettuceـHealthy,1123
LettuceـShepherd_purse_weeds,1106
Orange_Haunglongbing_(Citrus_greening),2010
Peach_Bacterial_spot,1838
Peach_healthy,1728
Pepper_bell_Bacterial_spot,2088
Pepper_bell_healthy,2300
Potato_Early_blight,2149
Potato_Late_blight,2131
Potato_healthy,1854
Powdery_mildew_on_lettuce,18
Septoria_blight_on_lettuce,19
Soybean___healthy,2022
Squash_Powdery_mildew,1736
Strawberry_Leaf_scorch,1774
Strawberry_healthy,1824
Tomato_Bacterial_spot,2127
Tomato_Early_blight,1000
Tomato_Late_blight,1909
Tomato_Leaf_Mold,952
Tomato_Septoria_leaf_spot,1771
Tomato_Spider_mites_Two_spotted_spider_mite,1676
Tomato_Target_Spot,1404
Tomato_Yellow_Leaf_Curl_Virus,3208
Tomato_healthy,1591
Tomato_mosaic_virus,373
Watermelon_Downy_Mildew,380
Watermelon_Healthy,205
Watermelon_Mosaic_Virus,415
Wilt_and_leaf_blight_on_lettuce,6
banana_Cordana_leaf_spot,162
banana_healthy,129
banana_pestalotiopsis,173
banana_sigatoka,473
bean_angular_leaf_spot,330
bean_healthy,330
bean_rust,330
chili_Bacterial_Spot,156
chili_Cercospora_Leaf_Spot,180
chili_Curl_Virus,423
chili_Healthy,458
chili_Nutrition_Deficiency,444
chili_White_spot,195
olive_Healthy,950
olive_aculus_olearius,890
olive_peacock_spot,1460
plam_Black_Scorch,49
plam_Fusarium_Wilt,62
plam_Healthy,27
plam_Leaf_Spots,28
plam_Magnesium_Deficiency,22
plam_Manganese_Deficiency,0
plam_Parlatoria_Blanchardi,21
plam_Potassium_Deficiency,58
plam_Rachis_Blight,69
plam_infected_by_Bug,600
plam_infected_by_Dubas,800
rice_Bacterial_leaf_blight,40
rice_Brown_spot,40
rice_Leaf_smut,40
wheat_leaf_brown_rust,12
wheat_stem_black_rust,12
wheat_strip_yellowrust,12
